id,name,email,company,phone
1,Lead1,lead1@example.com,Company1,+1-555-0001
2,Lead2,lead2@example.com,Company2,+1-555-0002
3,Lead3,lead3@example.com,Company3,+1-555-0003
4,Lead4,lead4@example.com,Company4,+1-555-0004
5,Lead5,lead5@example.com,Company5,+1-555-0005
6,Lead6,lead6@example.com,Company6,+1-555-0006
7,Lead7,lead7@example.com,Company7,+1-555-0007
8,Lead8,lead8@example.com,Company8,+1-555-0008
9,Lead9,lead9@example.com,Company9,+1-555-0009
10,Lead10,lead10@example.com,Company10,+1-555-0010
11,Lead11,lead11@example.com,Company11,+1-555-0011
12,Lead12,lead12@example.com,Company12,+1-555-0012
13,Lead13,lead13@example.com,Company13,+1-555-0013
14,Lead14,lead14@example.com,Company14,+1-555-0014
15,Lead15,lead15@example.com,Company15,+1-555-0015
16,Lead16,lead16@example.com,Company16,+1-555-0016
17,Lead17,lead17@example.com,Company17,+1-555-0017
18,Lead18,lead18@example.com,Company18,+1-555-0018
19,Lead19,lead19@example.com,Company19,+1-555-0019
20,Lead20,lead20@example.com,Company20,+1-555-0020
21,Lead21,lead21@example.com,Company21,+1-555-0021
22,Lead22,lead22@example.com,Company22,+1-555-0022
23,Lead23,lead23@example.com,Company23,+1-555-0023
24,Lead24,lead24@example.com,Company24,+1-555-0024
25,Lead25,lead25@example.com,Company25,+1-555-0025
26,Lead26,lead26@example.com,Company26,+1-555-0026
27,Lead27,lead27@example.com,Company27,+1-555-0027
28,Lead28,lead28@example.com,Company28,+1-555-0028
29,Lead29,lead29@example.com,Company29,+1-555-0029
30,Lead30,lead30@example.com,Company30,+1-555-0030
31,Lead31,lead31@example.com,Company31,+1-555-0031
32,Lead32,lead32@example.com,Company32,+1-555-0032
33,Lead33,lead33@example.com,Company33,+1-555-0033
34,Lead34,lead34@example.com,Company34,+1-555-0034
35,Lead35,lead35@example.com,Company35,+1-555-0035
36,Lead36,lead36@example.com,Company36,+1-555-0036
37,Lead37,lead37@example.com,Company37,+1-555-0037
38,Lead38,lead38@example.com,Company38,+1-555-0038
39,Lead39,lead39@example.com,Company39,+1-555-0039
40,Lead40,lead40@example.com,Company40,+1-555-0040
41,Lead41,lead41@example.com,Company41,+1-555-0041
42,Lead42,lead42@example.com,Company42,+1-555-0042
43,Lead43,lead43@example.com,Company43,+1-555-0043
44,Lead44,lead44@example.com,Company44,+1-555-0044
45,Lead45,lead45@example.com,Company45,+1-555-0045
46,Lead46,lead46@example.com,Company46,+1-555-0046
47,Lead47,lead47@example.com,Company47,+1-555-0047
48,Lead48,lead48@example.com,Company48,+1-555-0048
49,Lead49,lead49@example.com,Company49,+1-555-0049
50,Lead50,lead50@example.com,Company50,+1-555-0050
51,Lead51,lead51@example.com,Company51,+1-555-0051
52,Lead52,lead52@example.com,Company52,+1-555-0052
53,Lead53,lead53@example.com,Company53,+1-555-0053
54,Lead54,lead54@example.com,Company54,+1-555-0054
55,Lead55,lead55@example.com,Company55,+1-555-0055
56,Lead56,lead56@example.com,Company56,+1-555-0056
57,Lead57,lead57@example.com,Company57,+1-555-0057
58,Lead58,lead58@example.com,Company58,+1-555-0058
59,Lead59,lead59@example.com,Company59,+1-555-0059
60,Lead60,lead60@example.com,Company60,+1-555-0060
61,Lead61,lead61@example.com,Company61,+1-555-0061
62,Lead62,lead62@example.com,Company62,+1-555-0062
63,Lead63,lead63@example.com,Company63,+1-555-0063
64,Lead64,lead64@example.com,Company64,+1-555-0064
65,Lead65,lead65@example.com,Company65,+1-555-0065
66,Lead66,lead66@example.com,Company66,+1-555-0066
67,Lead67,lead67@example.com,Company67,+1-555-0067
68,Lead68,lead68@example.com,Company68,+1-555-0068
69,Lead69,lead69@example.com,Company69,+1-555-0069
70,Lead70,lead70@example.com,Company70,+1-555-0070
71,Lead71,lead71@example.com,Company71,+1-555-0071
72,Lead72,lead72@example.com,Company72,+1-555-0072
73,Lead73,lead73@example.com,Company73,+1-555-0073
74,Lead74,lead74@example.com,Company74,+1-555-0074
75,Lead75,lead75@example.com,Company75,+1-555-0075
76,Lead76,lead76@example.com,Company76,+1-555-0076
77,Lead77,lead77@example.com,Company77,+1-555-0077
78,Lead78,lead78@example.com,Company78,+1-555-0078
79,Lead79,lead79@example.com,Company79,+1-555-0079
80,Lead80,lead80@example.com,Company80,+1-555-0080
81,Lead81,lead81@example.com,Company81,+1-555-0081
82,Lead82,lead82@example.com,Company82,+1-555-0082
83,Lead83,lead83@example.com,Company83,+1-555-0083
84,Lead84,lead84@example.com,Company84,+1-555-0084
85,Lead85,lead85@example.com,Company85,+1-555-0085
86,Lead86,lead86@example.com,Company86,+1-555-0086
87,Lead87,lead87@example.com,Company87,+1-555-0087
88,Lead88,lead88@example.com,Company88,+1-555-0088
89,Lead89,lead89@example.com,Company89,+1-555-0089
90,Lead90,lead90@example.com,Company90,+1-555-0090
91,Lead91,lead91@example.com,Company91,+1-555-0091
92,Lead92,lead92@example.com,Company92,+1-555-0092
93,Lead93,lead93@example.com,Company93,+1-555-0093
94,Lead94,lead94@example.com,Company94,+1-555-0094
95,Lead95,lead95@example.com,Company95,+1-555-0095
96,Lead96,lead96@example.com,Company96,+1-555-0096
97,Lead97,lead97@example.com,Company97,+1-555-0097
98,Lead98,lead98@example.com,Company98,+1-555-0098
99,Lead99,lead99@example.com,Company99,+1-555-0099
100,Lead100,lead100@example.com,Company100,+1-555-0100
101,Lead101,lead101@example.com,Company101,+1-555-0101
102,Lead102,lead102@example.com,Company102,+1-555-0102
103,Lead103,lead103@example.com,Company103,+1-555-0103
104,Lead104,lead104@example.com,Company104,+1-555-0104
105,Lead105,lead105@example.com,Company105,+1-555-0105
106,Lead106,lead106@example.com,Company106,+1-555-0106
107,Lead107,lead107@example.com,Company107,+1-555-0107
108,Lead108,lead108@example.com,Company108,+1-555-0108
109,Lead109,lead109@example.com,Company109,+1-555-0109
110,Lead110,lead110@example.com,Company110,+1-555-0110
111,Lead111,lead111@example.com,Company111,+1-555-0111
112,Lead112,lead112@example.com,Company112,+1-555-0112
113,Lead113,lead113@example.com,Company113,+1-555-0113
114,Lead114,lead114@example.com,Company114,+1-555-0114
115,Lead115,lead115@example.com,Company115,+1-555-0115
116,Lead116,lead116@example.com,Company116,+1-555-0116
117,Lead117,lead117@example.com,Company117,+1-555-0117
118,Lead118,lead118@example.com,Company118,+1-555-0118
119,Lead119,lead119@example.com,Company119,+1-555-0119
120,Lead120,lead120@example.com,Company120,+1-555-0120
121,Lead121,lead121@example.com,Company121,+1-555-0121
122,Lead122,lead122@example.com,Company122,+1-555-0122
123,Lead123,lead123@example.com,Company123,+1-555-0123
124,Lead124,lead124@example.com,Company124,+1-555-0124
125,Lead125,lead125@example.com,Company125,+1-555-0125
126,Lead126,lead126@example.com,Company126,+1-555-0126
127,Lead127,lead127@example.com,Company127,+1-555-0127
128,Lead128,lead128@example.com,Company128,+1-555-0128
129,Lead129,lead129@example.com,Company129,+1-555-0129
130,Lead130,lead130@example.com,Company130,+1-555-0130
131,Lead131,lead131@example.com,Company131,+1-555-0131
132,Lead132,lead132@example.com,Company132,+1-555-0132
133,Lead133,lead133@example.com,Company133,+1-555-0133
134,Lead134,lead134@example.com,Company134,+1-555-0134
135,Lead135,lead135@example.com,Company135,+1-555-0135
136,Lead136,lead136@example.com,Company136,+1-555-0136
137,Lead137,lead137@example.com,Company137,+1-555-0137
138,Lead138,lead138@example.com,Company138,+1-555-0138
139,Lead139,lead139@example.com,Company139,+1-555-0139
140,Lead140,lead140@example.com,Company140,+1-555-0140
141,Lead141,lead141@example.com,Company141,+1-555-0141
142,Lead142,lead142@example.com,Company142,+1-555-0142
143,Lead143,lead143@example.com,Company143,+1-555-0143
144,Lead144,lead144@example.com,Company144,+1-555-0144
145,Lead145,lead145@example.com,Company145,+1-555-0145
146,Lead146,lead146@example.com,Company146,+1-555-0146
147,Lead147,lead147@example.com,Company147,+1-555-0147
148,Lead148,lead148@example.com,Company148,+1-555-0148
149,Lead149,lead149@example.com,Company149,+1-555-0149
150,Lead150,lead150@example.com,Company150,+1-555-0150
151,Lead151,lead151@example.com,Company151,+1-555-0151
152,Lead152,lead152@example.com,Company152,+1-555-0152
153,Lead153,lead153@example.com,Company153,+1-555-0153
154,Lead154,lead154@example.com,Company154,+1-555-0154
155,Lead155,lead155@example.com,Company155,+1-555-0155
156,Lead156,lead156@example.com,Company156,+1-555-0156
157,Lead157,lead157@example.com,Company157,+1-555-0157
158,Lead158,lead158@example.com,Company158,+1-555-0158
159,Lead159,lead159@example.com,Company159,+1-555-0159
160,Lead160,lead160@example.com,Company160,+1-555-0160
161,Lead161,lead161@example.com,Company161,+1-555-0161
162,Lead162,lead162@example.com,Company162,+1-555-0162
163,Lead163,lead163@example.com,Company163,+1-555-0163
164,Lead164,lead164@example.com,Company164,+1-555-0164
165,Lead165,lead165@example.com,Company165,+1-555-0165
166,Lead166,lead166@example.com,Company166,+1-555-0166
167,Lead167,lead167@example.com,Company167,+1-555-0167
168,Lead168,lead168@example.com,Company168,+1-555-0168
169,Lead169,lead169@example.com,Company169,+1-555-0169
170,Lead170,lead170@example.com,Company170,+1-555-0170
171,Lead171,lead171@example.com,Company171,+1-555-0171
172,Lead172,lead172@example.com,Company172,+1-555-0172
173,Lead173,lead173@example.com,Company173,+1-555-0173
174,Lead174,lead174@example.com,Company174,+1-555-0174
175,Lead175,lead175@example.com,Company175,+1-555-0175
176,Lead176,lead176@example.com,Company176,+1-555-0176
177,Lead177,lead177@example.com,Company177,+1-555-0177
178,Lead178,lead178@example.com,Company178,+1-555-0178
179,Lead179,lead179@example.com,Company179,+1-555-0179
180,Lead180,lead180@example.com,Company180,+1-555-0180
181,Lead181,lead181@example.com,Company181,+1-555-0181
182,Lead182,lead182@example.com,Company182,+1-555-0182
183,Lead183,lead183@example.com,Company183,+1-555-0183
184,Lead184,lead184@example.com,Company184,+1-555-0184
185,Lead185,lead185@example.com,Company185,+1-555-0185
186,Lead186,lead186@example.com,Company186,+1-555-0186
187,Lead187,lead187@example.com,Company187,+1-555-0187
188,Lead188,lead188@example.com,Company188,+1-555-0188
189,Lead189,lead189@example.com,Company189,+1-555-0189
190,Lead190,lead190@example.com,Company190,+1-555-0190
191,Lead191,lead191@example.com,Company191,+1-555-0191
192,Lead192,lead192@example.com,Company192,+1-555-0192
193,Lead193,lead193@example.com,Company193,+1-555-0193
194,Lead194,lead194@example.com,Company194,+1-555-0194
195,Lead195,lead195@example.com,Company195,+1-555-0195
196,Lead196,lead196@example.com,Company196,+1-555-0196
197,Lead197,lead197@example.com,Company197,+1-555-0197
198,Lead198,lead198@example.com,Company198,+1-555-0198
199,Lead199,lead199@example.com,Company199,+1-555-0199
200,Lead200,lead200@example.com,Company200,+1-555-0200
201,Lead201,lead201@example.com,Company201,+1-555-0201
202,Lead202,lead202@example.com,Company202,+1-555-0202
203,Lead203,lead203@example.com,Company203,+1-555-0203
204,Lead204,lead204@example.com,Company204,+1-555-0204
205,Lead205,lead205@example.com,Company205,+1-555-0205
206,Lead206,lead206@example.com,Company206,+1-555-0206
207,Lead207,lead207@example.com,Company207,+1-555-0207
208,Lead208,lead208@example.com,Company208,+1-555-0208
209,Lead209,lead209@example.com,Company209,+1-555-0209
210,Lead210,lead210@example.com,Company210,+1-555-0210
211,Lead211,lead211@example.com,Company211,+1-555-0211
212,Lead212,lead212@example.com,Company212,+1-555-0212
213,Lead213,lead213@example.com,Company213,+1-555-0213
214,Lead214,lead214@example.com,Company214,+1-555-0214
215,Lead215,lead215@example.com,Company215,+1-555-0215
216,Lead216,lead216@example.com,Company216,+1-555-0216
217,Lead217,lead217@example.com,Company217,+1-555-0217
218,Lead218,lead218@example.com,Company218,+1-555-0218
219,Lead219,lead219@example.com,Company219,+1-555-0219
220,Lead220,lead220@example.com,Company220,+1-555-0220
221,Lead221,lead221@example.com,Company221,+1-555-0221
222,Lead222,lead222@example.com,Company222,+1-555-0222
223,Lead223,lead223@example.com,Company223,+1-555-0223
224,Lead224,lead224@example.com,Company224,+1-555-0224
225,Lead225,lead225@example.com,Company225,+1-555-0225
226,Lead226,lead226@example.com,Company226,+1-555-0226
227,Lead227,lead227@example.com,Company227,+1-555-0227
228,Lead228,lead228@example.com,Company228,+1-555-0228
229,Lead229,lead229@example.com,Company229,+1-555-0229
230,Lead230,lead230@example.com,Company230,+1-555-0230
231,Lead231,lead231@example.com,Company231,+1-555-0231
232,Lead232,lead232@example.com,Company232,+1-555-0232
233,Lead233,lead233@example.com,Company233,+1-555-0233
234,Lead234,lead234@example.com,Company234,+1-555-0234
235,Lead235,lead235@example.com,Company235,+1-555-0235
236,Lead236,lead236@example.com,Company236,+1-555-0236
237,Lead237,lead237@example.com,Company237,+1-555-0237
238,Lead238,lead238@example.com,Company238,+1-555-0238
239,Lead239,lead239@example.com,Company239,+1-555-0239
240,Lead240,lead240@example.com,Company240,+1-555-0240
241,Lead241,lead241@example.com,Company241,+1-555-0241
242,Lead242,lead242@example.com,Company242,+1-555-0242
243,Lead243,lead243@example.com,Company243,+1-555-0243
244,Lead244,lead244@example.com,Company244,+1-555-0244
245,Lead245,lead245@example.com,Company245,+1-555-0245
246,Lead246,lead246@example.com,Company246,+1-555-0246
247,Lead247,lead247@example.com,Company247,+1-555-0247
248,Lead248,lead248@example.com,Company248,+1-555-0248
249,Lead249,lead249@example.com,Company249,+1-555-0249
250,Lead250,lead250@example.com,Company250,+1-555-0250
251,Lead251,lead251@example.com,Company251,+1-555-0251
252,Lead252,lead252@example.com,Company252,+1-555-0252
253,Lead253,lead253@example.com,Company253,+1-555-0253
254,Lead254,lead254@example.com,Company254,+1-555-0254
255,Lead255,lead255@example.com,Company255,+1-555-0255
256,Lead256,lead256@example.com,Company256,+1-555-0256
257,Lead257,lead257@example.com,Company257,+1-555-0257
258,Lead258,lead258@example.com,Company258,+1-555-0258
259,Lead259,lead259@example.com,Company259,+1-555-0259
260,Lead260,lead260@example.com,Company260,+1-555-0260
261,Lead261,lead261@example.com,Company261,+1-555-0261
262,Lead262,lead262@example.com,Company262,+1-555-0262
263,Lead263,lead263@example.com,Company263,+1-555-0263
264,Lead264,lead264@example.com,Company264,+1-555-0264
265,Lead265,lead265@example.com,Company265,+1-555-0265
266,Lead266,lead266@example.com,Company266,+1-555-0266
267,Lead267,lead267@example.com,Company267,+1-555-0267
268,Lead268,lead268@example.com,Company268,+1-555-0268
269,Lead269,lead269@example.com,Company269,+1-555-0269
270,Lead270,lead270@example.com,Company270,+1-555-0270
271,Lead271,lead271@example.com,Company271,+1-555-0271
272,Lead272,lead272@example.com,Company272,+1-555-0272
273,Lead273,lead273@example.com,Company273,+1-555-0273
274,Lead274,lead274@example.com,Company274,+1-555-0274
275,Lead275,lead275@example.com,Company275,+1-555-0275
276,Lead276,lead276@example.com,Company276,+1-555-0276
277,Lead277,lead277@example.com,Company277,+1-555-0277
278,Lead278,lead278@example.com,Company278,+1-555-0278
279,Lead279,lead279@example.com,Company279,+1-555-0279
280,Lead280,lead280@example.com,Company280,+1-555-0280
281,Lead281,lead281@example.com,Company281,+1-555-0281
282,Lead282,lead282@example.com,Company282,+1-555-0282
283,Lead283,lead283@example.com,Company283,+1-555-0283
284,Lead284,lead284@example.com,Company284,+1-555-0284
285,Lead285,lead285@example.com,Company285,+1-555-0285
286,Lead286,lead286@example.com,Company286,+1-555-0286
287,Lead287,lead287@example.com,Company287,+1-555-0287
288,Lead288,lead288@example.com,Company288,+1-555-0288
289,Lead289,lead289@example.com,Company289,+1-555-0289
290,Lead290,lead290@example.com,Company290,+1-555-0290
291,Lead291,lead291@example.com,Company291,+1-555-0291
292,Lead292,lead292@example.com,Company292,+1-555-0292
293,Lead293,lead293@example.com,Company293,+1-555-0293
294,Lead294,lead294@example.com,Company294,+1-555-0294
295,Lead295,lead295@example.com,Company295,+1-555-0295
296,Lead296,lead296@example.com,Company296,+1-555-0296
297,Lead297,lead297@example.com,Company297,+1-555-0297
298,Lead298,lead298@example.com,Company298,+1-555-0298
299,Lead299,lead299@example.com,Company299,+1-555-0299
300,Lead300,lead300@example.com,Company300,+1-555-0300
301,Lead301,lead301@example.com,Company301,+1-555-0301
302,Lead302,lead302@example.com,Company302,+1-555-0302
303,Lead303,lead303@example.com,Company303,+1-555-0303
304,Lead304,lead304@example.com,Company304,+1-555-0304
305,Lead305,lead305@example.com,Company305,+1-555-0305
306,Lead306,lead306@example.com,Company306,+1-555-0306
307,Lead307,lead307@example.com,Company307,+1-555-0307
308,Lead308,lead308@example.com,Company308,+1-555-0308
309,Lead309,lead309@example.com,Company309,+1-555-0309
310,Lead310,lead310@example.com,Company310,+1-555-0310
311,Lead311,lead311@example.com,Company311,+1-555-0311
312,Lead312,lead312@example.com,Company312,+1-555-0312
313,Lead313,lead313@example.com,Company313,+1-555-0313
314,Lead314,lead314@example.com,Company314,+1-555-0314
315,Lead315,lead315@example.com,Company315,+1-555-0315
316,Lead316,lead316@example.com,Company316,+1-555-0316
317,Lead317,lead317@example.com,Company317,+1-555-0317
318,Lead318,lead318@example.com,Company318,+1-555-0318
319,Lead319,lead319@example.com,Company319,+1-555-0319
320,Lead320,lead320@example.com,Company320,+1-555-0320
321,Lead321,lead321@example.com,Company321,+1-555-0321
322,Lead322,lead322@example.com,Company322,+1-555-0322
323,Lead323,lead323@example.com,Company323,+1-555-0323
324,Lead324,lead324@example.com,Company324,+1-555-0324
325,Lead325,lead325@example.com,Company325,+1-555-0325
326,Lead326,lead326@example.com,Company326,+1-555-0326
327,Lead327,lead327@example.com,Company327,+1-555-0327
328,Lead328,lead328@example.com,Company328,+1-555-0328
329,Lead329,lead329@example.com,Company329,+1-555-0329
330,Lead330,lead330@example.com,Company330,+1-555-0330
331,Lead331,lead331@example.com,Company331,+1-555-0331
332,Lead332,lead332@example.com,Company332,+1-555-0332
333,Lead333,lead333@example.com,Company333,+1-555-0333
334,Lead334,lead334@example.com,Company334,+1-555-0334
335,Lead335,lead335@example.com,Company335,+1-555-0335
336,Lead336,lead336@example.com,Company336,+1-555-0336
337,Lead337,lead337@example.com,Company337,+1-555-0337
338,Lead338,lead338@example.com,Company338,+1-555-0338
339,Lead339,lead339@example.com,Company339,+1-555-0339
340,Lead340,lead340@example.com,Company340,+1-555-0340
341,Lead341,lead341@example.com,Company341,+1-555-0341
342,Lead342,lead342@example.com,Company342,+1-555-0342
343,Lead343,lead343@example.com,Company343,+1-555-0343
344,Lead344,lead344@example.com,Company344,+1-555-0344
345,Lead345,lead345@example.com,Company345,+1-555-0345
346,Lead346,lead346@example.com,Company346,+1-555-0346
347,Lead347,lead347@example.com,Company347,+1-555-0347
348,Lead348,lead348@example.com,Company348,+1-555-0348
349,Lead349,lead349@example.com,Company349,+1-555-0349
350,Lead350,lead350@example.com,Company350,+1-555-0350
351,Lead351,lead351@example.com,Company351,+1-555-0351
352,Lead352,lead352@example.com,Company352,+1-555-0352
353,Lead353,lead353@example.com,Company353,+1-555-0353
354,Lead354,lead354@example.com,Company354,+1-555-0354
355,Lead355,lead355@example.com,Company355,+1-555-0355
356,Lead356,lead356@example.com,Company356,+1-555-0356
357,Lead357,lead357@example.com,Company357,+1-555-0357
358,Lead358,lead358@example.com,Company358,+1-555-0358
359,Lead359,lead359@example.com,Company359,+1-555-0359
360,Lead360,lead360@example.com,Company360,+1-555-0360
361,Lead361,lead361@example.com,Company361,+1-555-0361
362,Lead362,lead362@example.com,Company362,+1-555-0362
363,Lead363,lead363@example.com,Company363,+1-555-0363
364,Lead364,lead364@example.com,Company364,+1-555-0364
365,Lead365,lead365@example.com,Company365,+1-555-0365
366,Lead366,lead366@example.com,Company366,+1-555-0366
367,Lead367,lead367@example.com,Company367,+1-555-0367
368,Lead368,lead368@example.com,Company368,+1-555-0368
369,Lead369,lead369@example.com,Company369,+1-555-0369
370,Lead370,lead370@example.com,Company370,+1-555-0370
371,Lead371,lead371@example.com,Company371,+1-555-0371
372,Lead372,lead372@example.com,Company372,+1-555-0372
373,Lead373,lead373@example.com,Company373,+1-555-0373
374,Lead374,lead374@example.com,Company374,+1-555-0374
375,Lead375,lead375@example.com,Company375,+1-555-0375
376,Lead376,lead376@example.com,Company376,+1-555-0376
377,Lead377,lead377@example.com,Company377,+1-555-0377
378,Lead378,lead378@example.com,Company378,+1-555-0378
379,Lead379,lead379@example.com,Company379,+1-555-0379
380,Lead380,lead380@example.com,Company380,+1-555-0380
381,Lead381,lead381@example.com,Company381,+1-555-0381
382,Lead382,lead382@example.com,Company382,+1-555-0382
383,Lead383,lead383@example.com,Company383,+1-555-0383
384,Lead384,lead384@example.com,Company384,+1-555-0384
385,Lead385,lead385@example.com,Company385,+1-555-0385
386,Lead386,lead386@example.com,Company386,+1-555-0386
387,Lead387,lead387@example.com,Company387,+1-555-0387
388,Lead388,lead388@example.com,Company388,+1-555-0388
389,Lead389,lead389@example.com,Company389,+1-555-0389
390,Lead390,lead390@example.com,Company390,+1-555-0390
391,Lead391,lead391@example.com,Company391,+1-555-0391
392,Lead392,lead392@example.com,Company392,+1-555-0392
393,Lead393,lead393@example.com,Company393,+1-555-0393
394,Lead394,lead394@example.com,Company394,+1-555-0394
395,Lead395,lead395@example.com,Company395,+1-555-0395
396,Lead396,lead396@example.com,Company396,+1-555-0396
397,Lead397,lead397@example.com,Company397,+1-555-0397
398,Lead398,lead398@example.com,Company398,+1-555-0398
399,Lead399,lead399@example.com,Company399,+1-555-0399
400,Lead400,lead400@example.com,Company400,+1-555-0400
401,Lead401,lead401@example.com,Company401,+1-555-0401
402,Lead402,lead402@example.com,Company402,+1-555-0402
403,Lead403,lead403@example.com,Company403,+1-555-0403
404,Lead404,lead404@example.com,Company404,+1-555-0404
405,Lead405,lead405@example.com,Company405,+1-555-0405
406,Lead406,lead406@example.com,Company406,+1-555-0406
407,Lead407,lead407@example.com,Company407,+1-555-0407
408,Lead408,lead408@example.com,Company408,+1-555-0408
409,Lead409,lead409@example.com,Company409,+1-555-0409
410,Lead410,lead410@example.com,Company410,+1-555-0410
411,Lead411,lead411@example.com,Company411,+1-555-0411
412,Lead412,lead412@example.com,Company412,+1-555-0412
413,Lead413,lead413@example.com,Company413,+1-555-0413
414,Lead414,lead414@example.com,Company414,+1-555-0414
415,Lead415,lead415@example.com,Company415,+1-555-0415
416,Lead416,lead416@example.com,Company416,+1-555-0416
417,Lead417,lead417@example.com,Company417,+1-555-0417
418,Lead418,lead418@example.com,Company418,+1-555-0418
419,Lead419,lead419@example.com,Company419,+1-555-0419
420,Lead420,lead420@example.com,Company420,+1-555-0420
421,Lead421,lead421@example.com,Company421,+1-555-0421
422,Lead422,lead422@example.com,Company422,+1-555-0422
423,Lead423,lead423@example.com,Company423,+1-555-0423
424,Lead424,lead424@example.com,Company424,+1-555-0424
425,Lead425,lead425@example.com,Company425,+1-555-0425
426,Lead426,lead426@example.com,Company426,+1-555-0426
427,Lead427,lead427@example.com,Company427,+1-555-0427
428,Lead428,lead428@example.com,Company428,+1-555-0428
429,Lead429,lead429@example.com,Company429,+1-555-0429
430,Lead430,lead430@example.com,Company430,+1-555-0430
431,Lead431,lead431@example.com,Company431,+1-555-0431
432,Lead432,lead432@example.com,Company432,+1-555-0432
433,Lead433,lead433@example.com,Company433,+1-555-0433
434,Lead434,lead434@example.com,Company434,+1-555-0434
435,Lead435,lead435@example.com,Company435,+1-555-0435
436,Lead436,lead436@example.com,Company436,+1-555-0436
437,Lead437,lead437@example.com,Company437,+1-555-0437
438,Lead438,lead438@example.com,Company438,+1-555-0438
439,Lead439,lead439@example.com,Company439,+1-555-0439
440,Lead440,lead440@example.com,Company440,+1-555-0440
441,Lead441,lead441@example.com,Company441,+1-555-0441
442,Lead442,lead442@example.com,Company442,+1-555-0442
443,Lead443,lead443@example.com,Company443,+1-555-0443
444,Lead444,lead444@example.com,Company444,+1-555-0444
445,Lead445,lead445@example.com,Company445,+1-555-0445
446,Lead446,lead446@example.com,Company446,+1-555-0446
447,Lead447,lead447@example.com,Company447,+1-555-0447
448,Lead448,lead448@example.com,Company448,+1-555-0448
449,Lead449,lead449@example.com,Company449,+1-555-0449
450,Lead450,lead450@example.com,Company450,+1-555-0450
451,Lead451,lead451@example.com,Company451,+1-555-0451
452,Lead452,lead452@example.com,Company452,+1-555-0452
453,Lead453,lead453@example.com,Company453,+1-555-0453
454,Lead454,lead454@example.com,Company454,+1-555-0454
455,Lead455,lead455@example.com,Company455,+1-555-0455
456,Lead456,lead456@example.com,Company456,+1-555-0456
457,Lead457,lead457@example.com,Company457,+1-555-0457
458,Lead458,lead458@example.com,Company458,+1-555-0458
459,Lead459,lead459@example.com,Company459,+1-555-0459
460,Lead460,lead460@example.com,Company460,+1-555-0460
461,Lead461,lead461@example.com,Company461,+1-555-0461
462,Lead462,lead462@example.com,Company462,+1-555-0462
463,Lead463,lead463@example.com,Company463,+1-555-0463
464,Lead464,lead464@example.com,Company464,+1-555-0464
465,Lead465,lead465@example.com,Company465,+1-555-0465
466,Lead466,lead466@example.com,Company466,+1-555-0466
467,Lead467,lead467@example.com,Company467,+1-555-0467
468,Lead468,lead468@example.com,Company468,+1-555-0468
469,Lead469,lead469@example.com,Company469,+1-555-0469
470,Lead470,lead470@example.com,Company470,+1-555-0470
471,Lead471,lead471@example.com,Company471,+1-555-0471
472,Lead472,lead472@example.com,Company472,+1-555-0472
473,Lead473,lead473@example.com,Company473,+1-555-0473
474,Lead474,lead474@example.com,Company474,+1-555-0474
475,Lead475,lead475@example.com,Company475,+1-555-0475
476,Lead476,lead476@example.com,Company476,+1-555-0476
477,Lead477,lead477@example.com,Company477,+1-555-0477
478,Lead478,lead478@example.com,Company478,+1-555-0478
479,Lead479,lead479@example.com,Company479,+1-555-0479
480,Lead480,lead480@example.com,Company480,+1-555-0480
481,Lead481,lead481@example.com,Company481,+1-555-0481
482,Lead482,lead482@example.com,Company482,+1-555-0482
483,Lead483,lead483@example.com,Company483,+1-555-0483
484,Lead484,lead484@example.com,Company484,+1-555-0484
485,Lead485,lead485@example.com,Company485,+1-555-0485
486,Lead486,lead486@example.com,Company486,+1-555-0486
487,Lead487,lead487@example.com,Company487,+1-555-0487
488,Lead488,lead488@example.com,Company488,+1-555-0488
489,Lead489,lead489@example.com,Company489,+1-555-0489
490,Lead490,lead490@example.com,Company490,+1-555-0490
491,Lead491,lead491@example.com,Company491,+1-555-0491
492,Lead492,lead492@example.com,Company492,+1-555-0492
493,Lead493,lead493@example.com,Company493,+1-555-0493
494,Lead494,lead494@example.com,Company494,+1-555-0494
495,Lead495,lead495@example.com,Company495,+1-555-0495
496,Lead496,lead496@example.com,Company496,+1-555-0496
497,Lead497,lead497@example.com,Company497,+1-555-0497
498,Lead498,lead498@example.com,Company498,+1-555-0498
499,Lead499,lead499@example.com,Company499,+1-555-0499
500,Lead500,lead500@example.com,Company500,+1-555-0500
501,Lead501,lead501@example.com,Company501,+1-555-0501
502,Lead502,lead502@example.com,Company502,+1-555-0502
503,Lead503,lead503@example.com,Company503,+1-555-0503
504,Lead504,lead504@example.com,Company504,+1-555-0504
505,Lead505,lead505@example.com,Company505,+1-555-0505
506,Lead506,lead506@example.com,Company506,+1-555-0506
507,Lead507,lead507@example.com,Company507,+1-555-0507
508,Lead508,lead508@example.com,Company508,+1-555-0508
509,Lead509,lead509@example.com,Company509,+1-555-0509
510,Lead510,lead510@example.com,Company510,+1-555-0510
511,Lead511,lead511@example.com,Company511,+1-555-0511
512,Lead512,lead512@example.com,Company512,+1-555-0512
513,Lead513,lead513@example.com,Company513,+1-555-0513
514,Lead514,lead514@example.com,Company514,+1-555-0514
515,Lead515,lead515@example.com,Company515,+1-555-0515
516,Lead516,lead516@example.com,Company516,+1-555-0516
517,Lead517,lead517@example.com,Company517,+1-555-0517
518,Lead518,lead518@example.com,Company518,+1-555-0518
519,Lead519,lead519@example.com,Company519,+1-555-0519
520,Lead520,lead520@example.com,Company520,+1-555-0520
521,Lead521,lead521@example.com,Company521,+1-555-0521
522,Lead522,lead522@example.com,Company522,+1-555-0522
523,Lead523,lead523@example.com,Company523,+1-555-0523
524,Lead524,lead524@example.com,Company524,+1-555-0524
525,Lead525,lead525@example.com,Company525,+1-555-0525
526,Lead526,lead526@example.com,Company526,+1-555-0526
527,Lead527,lead527@example.com,Company527,+1-555-0527
528,Lead528,lead528@example.com,Company528,+1-555-0528
529,Lead529,lead529@example.com,Company529,+1-555-0529
530,Lead530,lead530@example.com,Company530,+1-555-0530
531,Lead531,lead531@example.com,Company531,+1-555-0531
532,Lead532,lead532@example.com,Company532,+1-555-0532
533,Lead533,lead533@example.com,Company533,+1-555-0533
534,Lead534,lead534@example.com,Company534,+1-555-0534
535,Lead535,lead535@example.com,Company535,+1-555-0535
536,Lead536,lead536@example.com,Company536,+1-555-0536
537,Lead537,lead537@example.com,Company537,+1-555-0537
538,Lead538,lead538@example.com,Company538,+1-555-0538
539,Lead539,lead539@example.com,Company539,+1-555-0539
540,Lead540,lead540@example.com,Company540,+1-555-0540
541,Lead541,lead541@example.com,Company541,+1-555-0541
542,Lead542,lead542@example.com,Company542,+1-555-0542
543,Lead543,lead543@example.com,Company543,+1-555-0543
544,Lead544,lead544@example.com,Company544,+1-555-0544
545,Lead545,lead545@example.com,Company545,+1-555-0545
546,Lead546,lead546@example.com,Company546,+1-555-0546
547,Lead547,lead547@example.com,Company547,+1-555-0547
548,Lead548,lead548@example.com,Company548,+1-555-0548
549,Lead549,lead549@example.com,Company549,+1-555-0549
550,Lead550,lead550@example.com,Company550,+1-555-0550
551,Lead551,lead551@example.com,Company551,+1-555-0551
552,Lead552,lead552@example.com,Company552,+1-555-0552
553,Lead553,lead553@example.com,Company553,+1-555-0553
554,Lead554,lead554@example.com,Company554,+1-555-0554
555,Lead555,lead555@example.com,Company555,+1-555-0555
556,Lead556,lead556@example.com,Company556,+1-555-0556
557,Lead557,lead557@example.com,Company557,+1-555-0557
558,Lead558,lead558@example.com,Company558,+1-555-0558
559,Lead559,lead559@example.com,Company559,+1-555-0559
560,Lead560,lead560@example.com,Company560,+1-555-0560
561,Lead561,lead561@example.com,Company561,+1-555-0561
562,Lead562,lead562@example.com,Company562,+1-555-0562
563,Lead563,lead563@example.com,Company563,+1-555-0563
564,Lead564,lead564@example.com,Company564,+1-555-0564
565,Lead565,lead565@example.com,Company565,+1-555-0565
566,Lead566,lead566@example.com,Company566,+1-555-0566
567,Lead567,lead567@example.com,Company567,+1-555-0567
568,Lead568,lead568@example.com,Company568,+1-555-0568
569,Lead569,lead569@example.com,Company569,+1-555-0569
570,Lead570,lead570@example.com,Company570,+1-555-0570
571,Lead571,lead571@example.com,Company571,+1-555-0571
572,Lead572,lead572@example.com,Company572,+1-555-0572
573,Lead573,lead573@example.com,Company573,+1-555-0573
574,Lead574,lead574@example.com,Company574,+1-555-0574
575,Lead575,lead575@example.com,Company575,+1-555-0575
576,Lead576,lead576@example.com,Company576,+1-555-0576
577,Lead577,lead577@example.com,Company577,+1-555-0577
578,Lead578,lead578@example.com,Company578,+1-555-0578
579,Lead579,lead579@example.com,Company579,+1-555-0579
580,Lead580,lead580@example.com,Company580,+1-555-0580
581,Lead581,lead581@example.com,Company581,+1-555-0581
582,Lead582,lead582@example.com,Company582,+1-555-0582
583,Lead583,lead583@example.com,Company583,+1-555-0583
584,Lead584,lead584@example.com,Company584,+1-555-0584
585,Lead585,lead585@example.com,Company585,+1-555-0585
586,Lead586,lead586@example.com,Company586,+1-555-0586
587,Lead587,lead587@example.com,Company587,+1-555-0587
588,Lead588,lead588@example.com,Company588,+1-555-0588
589,Lead589,lead589@example.com,Company589,+1-555-0589
590,Lead590,lead590@example.com,Company590,+1-555-0590
591,Lead591,lead591@example.com,Company591,+1-555-0591
592,Lead592,lead592@example.com,Company592,+1-555-0592
593,Lead593,lead593@example.com,Company593,+1-555-0593
594,Lead594,lead594@example.com,Company594,+1-555-0594
595,Lead595,lead595@example.com,Company595,+1-555-0595
596,Lead596,lead596@example.com,Company596,+1-555-0596
597,Lead597,lead597@example.com,Company597,+1-555-0597
598,Lead598,lead598@example.com,Company598,+1-555-0598
599,Lead599,lead599@example.com,Company599,+1-555-0599
600,Lead600,lead600@example.com,Company600,+1-555-0600
601,Lead601,lead601@example.com,Company601,+1-555-0601
602,Lead602,lead602@example.com,Company602,+1-555-0602
603,Lead603,lead603@example.com,Company603,+1-555-0603
604,Lead604,lead604@example.com,Company604,+1-555-0604
605,Lead605,lead605@example.com,Company605,+1-555-0605
606,Lead606,lead606@example.com,Company606,+1-555-0606
607,Lead607,lead607@example.com,Company607,+1-555-0607
608,Lead608,lead608@example.com,Company608,+1-555-0608
609,Lead609,lead609@example.com,Company609,+1-555-0609
610,Lead610,lead610@example.com,Company610,+1-555-0610
611,Lead611,lead611@example.com,Company611,+1-555-0611
612,Lead612,lead612@example.com,Company612,+1-555-0612
613,Lead613,lead613@example.com,Company613,+1-555-0613
614,Lead614,lead614@example.com,Company614,+1-555-0614
615,Lead615,lead615@example.com,Company615,+1-555-0615
616,Lead616,lead616@example.com,Company616,+1-555-0616
617,Lead617,lead617@example.com,Company617,+1-555-0617
618,Lead618,lead618@example.com,Company618,+1-555-0618
619,Lead619,lead619@example.com,Company619,+1-555-0619
620,Lead620,lead620@example.com,Company620,+1-555-0620
621,Lead621,lead621@example.com,Company621,+1-555-0621
622,Lead622,lead622@example.com,Company622,+1-555-0622
623,Lead623,lead623@example.com,Company623,+1-555-0623
624,Lead624,lead624@example.com,Company624,+1-555-0624
625,Lead625,lead625@example.com,Company625,+1-555-0625
626,Lead626,lead626@example.com,Company626,+1-555-0626
627,Lead627,lead627@example.com,Company627,+1-555-0627
628,Lead628,lead628@example.com,Company628,+1-555-0628
629,Lead629,lead629@example.com,Company629,+1-555-0629
630,Lead630,lead630@example.com,Company630,+1-555-0630
631,Lead631,lead631@example.com,Company631,+1-555-0631
632,Lead632,lead632@example.com,Company632,+1-555-0632
633,Lead633,lead633@example.com,Company633,+1-555-0633
634,Lead634,lead634@example.com,Company634,+1-555-0634
635,Lead635,lead635@example.com,Company635,+1-555-0635
636,Lead636,lead636@example.com,Company636,+1-555-0636
637,Lead637,lead637@example.com,Company637,+1-555-0637
638,Lead638,lead638@example.com,Company638,+1-555-0638
639,Lead639,lead639@example.com,Company639,+1-555-0639
640,Lead640,lead640@example.com,Company640,+1-555-0640
641,Lead641,lead641@example.com,Company641,+1-555-0641
642,Lead642,lead642@example.com,Company642,+1-555-0642
643,Lead643,lead643@example.com,Company643,+1-555-0643
644,Lead644,lead644@example.com,Company644,+1-555-0644
645,Lead645,lead645@example.com,Company645,+1-555-0645
646,Lead646,lead646@example.com,Company646,+1-555-0646
647,Lead647,lead647@example.com,Company647,+1-555-0647
648,Lead648,lead648@example.com,Company648,+1-555-0648
649,Lead649,lead649@example.com,Company649,+1-555-0649
650,Lead650,lead650@example.com,Company650,+1-555-0650
651,Lead651,lead651@example.com,Company651,+1-555-0651
652,Lead652,lead652@example.com,Company652,+1-555-0652
653,Lead653,lead653@example.com,Company653,+1-555-0653
654,Lead654,lead654@example.com,Company654,+1-555-0654
655,Lead655,lead655@example.com,Company655,+1-555-0655
656,Lead656,lead656@example.com,Company656,+1-555-0656
657,Lead657,lead657@example.com,Company657,+1-555-0657
658,Lead658,lead658@example.com,Company658,+1-555-0658
659,Lead659,lead659@example.com,Company659,+1-555-0659
660,Lead660,lead660@example.com,Company660,+1-555-0660
661,Lead661,lead661@example.com,Company661,+1-555-0661
662,Lead662,lead662@example.com,Company662,+1-555-0662
663,Lead663,lead663@example.com,Company663,+1-555-0663
664,Lead664,lead664@example.com,Company664,+1-555-0664
665,Lead665,lead665@example.com,Company665,+1-555-0665
666,Lead666,lead666@example.com,Company666,+1-555-0666
667,Lead667,lead667@example.com,Company667,+1-555-0667
668,Lead668,lead668@example.com,Company668,+1-555-0668
669,Lead669,lead669@example.com,Company669,+1-555-0669
670,Lead670,lead670@example.com,Company670,+1-555-0670
671,Lead671,lead671@example.com,Company671,+1-555-0671
672,Lead672,lead672@example.com,Company672,+1-555-0672
673,Lead673,lead673@example.com,Company673,+1-555-0673
674,Lead674,lead674@example.com,Company674,+1-555-0674
675,Lead675,lead675@example.com,Company675,+1-555-0675
676,Lead676,lead676@example.com,Company676,+1-555-0676
677,Lead677,lead677@example.com,Company677,+1-555-0677
678,Lead678,lead678@example.com,Company678,+1-555-0678
679,Lead679,lead679@example.com,Company679,+1-555-0679
680,Lead680,lead680@example.com,Company680,+1-555-0680
681,Lead681,lead681@example.com,Company681,+1-555-0681
682,Lead682,lead682@example.com,Company682,+1-555-0682
683,Lead683,lead683@example.com,Company683,+1-555-0683
684,Lead684,lead684@example.com,Company684,+1-555-0684
685,Lead685,lead685@example.com,Company685,+1-555-0685
686,Lead686,lead686@example.com,Company686,+1-555-0686
687,Lead687,lead687@example.com,Company687,+1-555-0687
688,Lead688,lead688@example.com,Company688,+1-555-0688
689,Lead689,lead689@example.com,Company689,+1-555-0689
690,Lead690,lead690@example.com,Company690,+1-555-0690
691,Lead691,lead691@example.com,Company691,+1-555-0691
692,Lead692,lead692@example.com,Company692,+1-555-0692
693,Lead693,lead693@example.com,Company693,+1-555-0693
694,Lead694,lead694@example.com,Company694,+1-555-0694
695,Lead695,lead695@example.com,Company695,+1-555-0695
696,Lead696,lead696@example.com,Company696,+1-555-0696
697,Lead697,lead697@example.com,Company697,+1-555-0697
698,Lead698,lead698@example.com,Company698,+1-555-0698
699,Lead699,lead699@example.com,Company699,+1-555-0699
700,Lead700,lead700@example.com,Company700,+1-555-0700
701,Lead701,lead701@example.com,Company701,+1-555-0701
702,Lead702,lead702@example.com,Company702,+1-555-0702
703,Lead703,lead703@example.com,Company703,+1-555-0703
704,Lead704,lead704@example.com,Company704,+1-555-0704
705,Lead705,lead705@example.com,Company705,+1-555-0705
706,Lead706,lead706@example.com,Company706,+1-555-0706
707,Lead707,lead707@example.com,Company707,+1-555-0707
708,Lead708,lead708@example.com,Company708,+1-555-0708
709,Lead709,lead709@example.com,Company709,+1-555-0709
710,Lead710,lead710@example.com,Company710,+1-555-0710
711,Lead711,lead711@example.com,Company711,+1-555-0711
712,Lead712,lead712@example.com,Company712,+1-555-0712
713,Lead713,lead713@example.com,Company713,+1-555-0713
714,Lead714,lead714@example.com,Company714,+1-555-0714
715,Lead715,lead715@example.com,Company715,+1-555-0715
716,Lead716,lead716@example.com,Company716,+1-555-0716
717,Lead717,lead717@example.com,Company717,+1-555-0717
718,Lead718,lead718@example.com,Company718,+1-555-0718
719,Lead719,lead719@example.com,Company719,+1-555-0719
720,Lead720,lead720@example.com,Company720,+1-555-0720
721,Lead721,lead721@example.com,Company721,+1-555-0721
722,Lead722,lead722@example.com,Company722,+1-555-0722
723,Lead723,lead723@example.com,Company723,+1-555-0723
724,Lead724,lead724@example.com,Company724,+1-555-0724
725,Lead725,lead725@example.com,Company725,+1-555-0725
726,Lead726,lead726@example.com,Company726,+1-555-0726
727,Lead727,lead727@example.com,Company727,+1-555-0727
728,Lead728,lead728@example.com,Company728,+1-555-0728
729,Lead729,lead729@example.com,Company729,+1-555-0729
730,Lead730,lead730@example.com,Company730,+1-555-0730
731,Lead731,lead731@example.com,Company731,+1-555-0731
732,Lead732,lead732@example.com,Company732,+1-555-0732
733,Lead733,lead733@example.com,Company733,+1-555-0733
734,Lead734,lead734@example.com,Company734,+1-555-0734
735,Lead735,lead735@example.com,Company735,+1-555-0735
736,Lead736,lead736@example.com,Company736,+1-555-0736
737,Lead737,lead737@example.com,Company737,+1-555-0737
738,Lead738,lead738@example.com,Company738,+1-555-0738
739,Lead739,lead739@example.com,Company739,+1-555-0739
740,Lead740,lead740@example.com,Company740,+1-555-0740
741,Lead741,lead741@example.com,Company741,+1-555-0741
742,Lead742,lead742@example.com,Company742,+1-555-0742
743,Lead743,lead743@example.com,Company743,+1-555-0743
744,Lead744,lead744@example.com,Company744,+1-555-0744
745,Lead745,lead745@example.com,Company745,+1-555-0745
746,Lead746,lead746@example.com,Company746,+1-555-0746
747,Lead747,lead747@example.com,Company747,+1-555-0747
748,Lead748,lead748@example.com,Company748,+1-555-0748
749,Lead749,lead749@example.com,Company749,+1-555-0749
750,Lead750,lead750@example.com,Company750,+1-555-0750
751,Lead751,lead751@example.com,Company751,+1-555-0751
752,Lead752,lead752@example.com,Company752,+1-555-0752
753,Lead753,lead753@example.com,Company753,+1-555-0753
754,Lead754,lead754@example.com,Company754,+1-555-0754
755,Lead755,lead755@example.com,Company755,+1-555-0755
756,Lead756,lead756@example.com,Company756,+1-555-0756
757,Lead757,lead757@example.com,Company757,+1-555-0757
758,Lead758,lead758@example.com,Company758,+1-555-0758
759,Lead759,lead759@example.com,Company759,+1-555-0759
760,Lead760,lead760@example.com,Company760,+1-555-0760
761,Lead761,lead761@example.com,Company761,+1-555-0761
762,Lead762,lead762@example.com,Company762,+1-555-0762
763,Lead763,lead763@example.com,Company763,+1-555-0763
764,Lead764,lead764@example.com,Company764,+1-555-0764
765,Lead765,lead765@example.com,Company765,+1-555-0765
766,Lead766,lead766@example.com,Company766,+1-555-0766
767,Lead767,lead767@example.com,Company767,+1-555-0767
768,Lead768,lead768@example.com,Company768,+1-555-0768
769,Lead769,lead769@example.com,Company769,+1-555-0769
770,Lead770,lead770@example.com,Company770,+1-555-0770
771,Lead771,lead771@example.com,Company771,+1-555-0771
772,Lead772,lead772@example.com,Company772,+1-555-0772
773,Lead773,lead773@example.com,Company773,+1-555-0773
774,Lead774,lead774@example.com,Company774,+1-555-0774
775,Lead775,lead775@example.com,Company775,+1-555-0775
776,Lead776,lead776@example.com,Company776,+1-555-0776
777,Lead777,lead777@example.com,Company777,+1-555-0777
778,Lead778,lead778@example.com,Company778,+1-555-0778
779,Lead779,lead779@example.com,Company779,+1-555-0779
780,Lead780,lead780@example.com,Company780,+1-555-0780
781,Lead781,lead781@example.com,Company781,+1-555-0781
782,Lead782,lead782@example.com,Company782,+1-555-0782
783,Lead783,lead783@example.com,Company783,+1-555-0783
784,Lead784,lead784@example.com,Company784,+1-555-0784
785,Lead785,lead785@example.com,Company785,+1-555-0785
786,Lead786,lead786@example.com,Company786,+1-555-0786
787,Lead787,lead787@example.com,Company787,+1-555-0787
788,Lead788,lead788@example.com,Company788,+1-555-0788
789,Lead789,lead789@example.com,Company789,+1-555-0789
790,Lead790,lead790@example.com,Company790,+1-555-0790
791,Lead791,lead791@example.com,Company791,+1-555-0791
792,Lead792,lead792@example.com,Company792,+1-555-0792
793,Lead793,lead793@example.com,Company793,+1-555-0793
794,Lead794,lead794@example.com,Company794,+1-555-0794
795,Lead795,lead795@example.com,Company795,+1-555-0795
796,Lead796,lead796@example.com,Company796,+1-555-0796
797,Lead797,lead797@example.com,Company797,+1-555-0797
798,Lead798,lead798@example.com,Company798,+1-555-0798
799,Lead799,lead799@example.com,Company799,+1-555-0799
800,Lead800,lead800@example.com,Company800,+1-555-0800
801,Lead801,lead801@example.com,Company801,+1-555-0801
802,Lead802,lead802@example.com,Company802,+1-555-0802
803,Lead803,lead803@example.com,Company803,+1-555-0803
804,Lead804,lead804@example.com,Company804,+1-555-0804
805,Lead805,lead805@example.com,Company805,+1-555-0805
806,Lead806,lead806@example.com,Company806,+1-555-0806
807,Lead807,lead807@example.com,Company807,+1-555-0807
808,Lead808,lead808@example.com,Company808,+1-555-0808
809,Lead809,lead809@example.com,Company809,+1-555-0809
810,Lead810,lead810@example.com,Company810,+1-555-0810
811,Lead811,lead811@example.com,Company811,+1-555-0811
812,Lead812,lead812@example.com,Company812,+1-555-0812
813,Lead813,lead813@example.com,Company813,+1-555-0813
814,Lead814,lead814@example.com,Company814,+1-555-0814
815,Lead815,lead815@example.com,Company815,+1-555-0815
816,Lead816,lead816@example.com,Company816,+1-555-0816
817,Lead817,lead817@example.com,Company817,+1-555-0817
818,Lead818,lead818@example.com,Company818,+1-555-0818
819,Lead819,lead819@example.com,Company819,+1-555-0819
820,Lead820,lead820@example.com,Company820,+1-555-0820
821,Lead821,lead821@example.com,Company821,+1-555-0821
822,Lead822,lead822@example.com,Company822,+1-555-0822
823,Lead823,lead823@example.com,Company823,+1-555-0823
824,Lead824,lead824@example.com,Company824,+1-555-0824
825,Lead825,lead825@example.com,Company825,+1-555-0825
826,Lead826,lead826@example.com,Company826,+1-555-0826
827,Lead827,lead827@example.com,Company827,+1-555-0827
828,Lead828,lead828@example.com,Company828,+1-555-0828
829,Lead829,lead829@example.com,Company829,+1-555-0829
830,Lead830,lead830@example.com,Company830,+1-555-0830
831,Lead831,lead831@example.com,Company831,+1-555-0831
832,Lead832,lead832@example.com,Company832,+1-555-0832
833,Lead833,lead833@example.com,Company833,+1-555-0833
834,Lead834,lead834@example.com,Company834,+1-555-0834
835,Lead835,lead835@example.com,Company835,+1-555-0835
836,Lead836,lead836@example.com,Company836,+1-555-0836
837,Lead837,lead837@example.com,Company837,+1-555-0837
838,Lead838,lead838@example.com,Company838,+1-555-0838
839,Lead839,lead839@example.com,Company839,+1-555-0839
840,Lead840,lead840@example.com,Company840,+1-555-0840
841,Lead841,lead841@example.com,Company841,+1-555-0841
842,Lead842,lead842@example.com,Company842,+1-555-0842
843,Lead843,lead843@example.com,Company843,+1-555-0843
844,Lead844,lead844@example.com,Company844,+1-555-0844
845,Lead845,lead845@example.com,Company845,+1-555-0845
846,Lead846,lead846@example.com,Company846,+1-555-0846
847,Lead847,lead847@example.com,Company847,+1-555-0847
848,Lead848,lead848@example.com,Company848,+1-555-0848
849,Lead849,lead849@example.com,Company849,+1-555-0849
850,Lead850,lead850@example.com,Company850,+1-555-0850
851,Lead851,lead851@example.com,Company851,+1-555-0851
852,Lead852,lead852@example.com,Company852,+1-555-0852
853,Lead853,lead853@example.com,Company853,+1-555-0853
854,Lead854,lead854@example.com,Company854,+1-555-0854
855,Lead855,lead855@example.com,Company855,+1-555-0855
856,Lead856,lead856@example.com,Company856,+1-555-0856
857,Lead857,lead857@example.com,Company857,+1-555-0857
858,Lead858,lead858@example.com,Company858,+1-555-0858
859,Lead859,lead859@example.com,Company859,+1-555-0859
860,Lead860,lead860@example.com,Company860,+1-555-0860
861,Lead861,lead861@example.com,Company861,+1-555-0861
862,Lead862,lead862@example.com,Company862,+1-555-0862
863,Lead863,lead863@example.com,Company863,+1-555-0863
864,Lead864,lead864@example.com,Company864,+1-555-0864
865,Lead865,lead865@example.com,Company865,+1-555-0865
866,Lead866,lead866@example.com,Company866,+1-555-0866
867,Lead867,lead867@example.com,Company867,+1-555-0867
868,Lead868,lead868@example.com,Company868,+1-555-0868
869,Lead869,lead869@example.com,Company869,+1-555-0869
870,Lead870,lead870@example.com,Company870,+1-555-0870
871,Lead871,lead871@example.com,Company871,+1-555-0871
872,Lead872,lead872@example.com,Company872,+1-555-0872
873,Lead873,lead873@example.com,Company873,+1-555-0873
874,Lead874,lead874@example.com,Company874,+1-555-0874
875,Lead875,lead875@example.com,Company875,+1-555-0875
876,Lead876,lead876@example.com,Company876,+1-555-0876
877,Lead877,lead877@example.com,Company877,+1-555-0877
878,Lead878,lead878@example.com,Company878,+1-555-0878
879,Lead879,lead879@example.com,Company879,+1-555-0879
880,Lead880,lead880@example.com,Company880,+1-555-0880
881,Lead881,lead881@example.com,Company881,+1-555-0881
882,Lead882,lead882@example.com,Company882,+1-555-0882
883,Lead883,lead883@example.com,Company883,+1-555-0883
884,Lead884,lead884@example.com,Company884,+1-555-0884
885,Lead885,lead885@example.com,Company885,+1-555-0885
886,Lead886,lead886@example.com,Company886,+1-555-0886
887,Lead887,lead887@example.com,Company887,+1-555-0887
888,Lead888,lead888@example.com,Company888,+1-555-0888
889,Lead889,lead889@example.com,Company889,+1-555-0889
890,Lead890,lead890@example.com,Company890,+1-555-0890
891,Lead891,lead891@example.com,Company891,+1-555-0891
892,Lead892,lead892@example.com,Company892,+1-555-0892
893,Lead893,lead893@example.com,Company893,+1-555-0893
894,Lead894,lead894@example.com,Company894,+1-555-0894
895,Lead895,lead895@example.com,Company895,+1-555-0895
896,Lead896,lead896@example.com,Company896,+1-555-0896
897,Lead897,lead897@example.com,Company897,+1-555-0897
898,Lead898,lead898@example.com,Company898,+1-555-0898
899,Lead899,lead899@example.com,Company899,+1-555-0899
900,Lead900,lead900@example.com,Company900,+1-555-0900
901,Lead901,lead901@example.com,Company901,+1-555-0901
902,Lead902,lead902@example.com,Company902,+1-555-0902
903,Lead903,lead903@example.com,Company903,+1-555-0903
904,Lead904,lead904@example.com,Company904,+1-555-0904
905,Lead905,lead905@example.com,Company905,+1-555-0905
906,Lead906,lead906@example.com,Company906,+1-555-0906
907,Lead907,lead907@example.com,Company907,+1-555-0907
908,Lead908,lead908@example.com,Company908,+1-555-0908
909,Lead909,lead909@example.com,Company909,+1-555-0909
910,Lead910,lead910@example.com,Company910,+1-555-0910
911,Lead911,lead911@example.com,Company911,+1-555-0911
912,Lead912,lead912@example.com,Company912,+1-555-0912
913,Lead913,lead913@example.com,Company913,+1-555-0913
914,Lead914,lead914@example.com,Company914,+1-555-0914
915,Lead915,lead915@example.com,Company915,+1-555-0915
916,Lead916,lead916@example.com,Company916,+1-555-0916
917,Lead917,lead917@example.com,Company917,+1-555-0917
918,Lead918,lead918@example.com,Company918,+1-555-0918
919,Lead919,lead919@example.com,Company919,+1-555-0919
920,Lead920,lead920@example.com,Company920,+1-555-0920
921,Lead921,lead921@example.com,Company921,+1-555-0921
922,Lead922,lead922@example.com,Company922,+1-555-0922
923,Lead923,lead923@example.com,Company923,+1-555-0923
924,Lead924,lead924@example.com,Company924,+1-555-0924
925,Lead925,lead925@example.com,Company925,+1-555-0925
926,Lead926,lead926@example.com,Company926,+1-555-0926
927,Lead927,lead927@example.com,Company927,+1-555-0927
928,Lead928,lead928@example.com,Company928,+1-555-0928
929,Lead929,lead929@example.com,Company929,+1-555-0929
930,Lead930,lead930@example.com,Company930,+1-555-0930
931,Lead931,lead931@example.com,Company931,+1-555-0931
932,Lead932,lead932@example.com,Company932,+1-555-0932
933,Lead933,lead933@example.com,Company933,+1-555-0933
934,Lead934,lead934@example.com,Company934,+1-555-0934
935,Lead935,lead935@example.com,Company935,+1-555-0935
936,Lead936,lead936@example.com,Company936,+1-555-0936
937,Lead937,lead937@example.com,Company937,+1-555-0937
938,Lead938,lead938@example.com,Company938,+1-555-0938
939,Lead939,lead939@example.com,Company939,+1-555-0939
940,Lead940,lead940@example.com,Company940,+1-555-0940
941,Lead941,lead941@example.com,Company941,+1-555-0941
942,Lead942,lead942@example.com,Company942,+1-555-0942
943,Lead943,lead943@example.com,Company943,+1-555-0943
944,Lead944,lead944@example.com,Company944,+1-555-0944
945,Lead945,lead945@example.com,Company945,+1-555-0945
946,Lead946,lead946@example.com,Company946,+1-555-0946
947,Lead947,lead947@example.com,Company947,+1-555-0947
948,Lead948,lead948@example.com,Company948,+1-555-0948
949,Lead949,lead949@example.com,Company949,+1-555-0949
950,Lead950,lead950@example.com,Company950,+1-555-0950
951,Lead951,lead951@example.com,Company951,+1-555-0951
952,Lead952,lead952@example.com,Company952,+1-555-0952
953,Lead953,lead953@example.com,Company953,+1-555-0953
954,Lead954,lead954@example.com,Company954,+1-555-0954
955,Lead955,lead955@example.com,Company955,+1-555-0955
956,Lead956,lead956@example.com,Company956,+1-555-0956
957,Lead957,lead957@example.com,Company957,+1-555-0957
958,Lead958,lead958@example.com,Company958,+1-555-0958
959,Lead959,lead959@example.com,Company959,+1-555-0959
960,Lead960,lead960@example.com,Company960,+1-555-0960
961,Lead961,lead961@example.com,Company961,+1-555-0961
962,Lead962,lead962@example.com,Company962,+1-555-0962
963,Lead963,lead963@example.com,Company963,+1-555-0963
964,Lead964,lead964@example.com,Company964,+1-555-0964
965,Lead965,lead965@example.com,Company965,+1-555-0965
966,Lead966,lead966@example.com,Company966,+1-555-0966
967,Lead967,lead967@example.com,Company967,+1-555-0967
968,Lead968,lead968@example.com,Company968,+1-555-0968
969,Lead969,lead969@example.com,Company969,+1-555-0969
970,Lead970,lead970@example.com,Company970,+1-555-0970
971,Lead971,lead971@example.com,Company971,+1-555-0971
972,Lead972,lead972@example.com,Company972,+1-555-0972
973,Lead973,lead973@example.com,Company973,+1-555-0973
974,Lead974,lead974@example.com,Company974,+1-555-0974
975,Lead975,lead975@example.com,Company975,+1-555-0975
976,Lead976,lead976@example.com,Company976,+1-555-0976
977,Lead977,lead977@example.com,Company977,+1-555-0977
978,Lead978,lead978@example.com,Company978,+1-555-0978
979,Lead979,lead979@example.com,Company979,+1-555-0979
980,Lead980,lead980@example.com,Company980,+1-555-0980
981,Lead981,lead981@example.com,Company981,+1-555-0981
982,Lead982,lead982@example.com,Company982,+1-555-0982
983,Lead983,lead983@example.com,Company983,+1-555-0983
984,Lead984,lead984@example.com,Company984,+1-555-0984
985,Lead985,lead985@example.com,Company985,+1-555-0985
986,Lead986,lead986@example.com,Company986,+1-555-0986
987,Lead987,lead987@example.com,Company987,+1-555-0987
988,Lead988,lead988@example.com,Company988,+1-555-0988
989,Lead989,lead989@example.com,Company989,+1-555-0989
990,Lead990,lead990@example.com,Company990,+1-555-0990
991,Lead991,lead991@example.com,Company991,+1-555-0991
992,Lead992,lead992@example.com,Company992,+1-555-0992
993,Lead993,lead993@example.com,Company993,+1-555-0993
994,Lead994,lead994@example.com,Company994,+1-555-0994
995,Lead995,lead995@example.com,Company995,+1-555-0995
996,Lead996,lead996@example.com,Company996,+1-555-0996
997,Lead997,lead997@example.com,Company997,+1-555-0997
998,Lead998,lead998@example.com,Company998,+1-555-0998
999,Lead999,lead999@example.com,Company999,+1-555-0999
1000,Lead1000,lead1000@example.com,Company1000,+1-555-1000
